identificador de la publicación,Identificador de la cuenta,Nombre de usuario de la cuenta,Nombre de la cuenta,Descripción,Duración (segundos),Hora de publicación,Enlace permanente,Tipo de publicación,Comentario sobre los datos,Fecha,Visualizaciones,Alcance,Me gusta,Veces que se ha compartido,Visitas al perfil,Respuestas,Clics en el enlace,Navegación,Toques en stickers,Seguidores
18080810279524257,17841401871496039,360radioco,360 Radio Colombia,,0,03/05/2026 09:48,https://www.instagram.com/stories/360radioco/3846284922013519884,Historia de Instagram,,Total,131,120,2,0,,0,,125,,
18059655782409755,17841401871496039,360radioco,360 Radio Colombia,,49,03/29/2026 19:28,https://www.instagram.com/stories/360radioco/3863941491328954317,Historia de Instagram,,Total,162,147,3,0,,0,,150,,
18117394291725675,17841401871496039,360radioco,360 Radio Colombia,,0,03/29/2026 19:27,https://www.instagram.com/stories/360radioco/3863940981981073033,Historia de Instagram,,Total,162,148,1,0,,0,3.0,156,,
18449798104119523,17841401871496039,360radioco,360 Radio Colombia,,60,03/29/2026 19:25,https://www.instagram.com/stories/360radioco/3863939956188533849,Historia de Instagram,,Total,171,149,2,0,,0,,162,,
18086303246605983,17841401871496039,360radioco,360 Radio Colombia,,0,03/29/2026 19:25,https://www.instagram.com/stories/360radioco/3863939813305400148,Historia de Instagram,,Total,181,158,2,0,,0,1.0,166,,
18107419129853771,17841401871496039,360radioco,360 Radio Colombia,,60,03/29/2026 19:25,https://www.instagram.com/stories/360radioco/3863939649693945468,Historia de Instagram,,Total,183,164,3,0,,0,,172,,
18064993412690474,17841401871496039,360radioco,360 Radio Colombia,,0,03/29/2026 19:24,https://www.instagram.com/stories/360radioco/3863939376930017222,Historia de Instagram,,Total,223,194,2,0,,0,,190,,
17995426949924640,17841401871496039,360radioco,360 Radio Colombia,,31,03/29/2026 11:04,https://www.instagram.com/stories/360radioco/3863687780170126868,Historia de Instagram,,Total,199,174,2,0,1.0,0,,187,,
17965843431027150,17841401871496039,360radioco,360 Radio Colombia,,0,03/29/2026 11:04,https://www.instagram.com/stories/360radioco/3863687636028676729,Historia de Instagram,,Total,200,178,5,0,,0,,178,,
17876376489556318,17841401871496039,360radioco,360 Radio Colombia,,13,03/29/2026 11:04,https://www.instagram.com/stories/360radioco/3863687470991153708,Historia de Instagram,,Total,215,192,3,0,,0,,188,,
17973248514001096,17841401871496039,360radioco,360 Radio Colombia,,0,03/29/2026 11:03,https://www.instagram.com/stories/360radioco/3863687198940247268,Historia de Instagram,,Total,269,235,2,0,5.0,0,,241,,
18096347930101745,17841401871496039,360radioco,360 Radio Colombia,,0,03/26/2026 05:14,https://www.instagram.com/stories/360radioco/3861337177913720360,Historia de Instagram,,Total,272,237,2,0,,0,1.0,235,,
18079514192106235,17841401871496039,360radioco,360 Radio Colombia,,60,03/26/2026 05:14,https://www.instagram.com/stories/360radioco/3861336890218048906,Historia de Instagram,,Total,308,273,9,0,,1,,293,,
17960565212915859,17841401871496039,360radioco,360 Radio Colombia,,0,03/25/2026 18:46,https://www.instagram.com/stories/360radioco/3861020956659967102,Historia de Instagram,,Total,191,163,4,0,,0,4.0,167,,
18003103640856215,17841401871496039,360radioco,360 Radio Colombia,,60,03/25/2026 18:44,https://www.instagram.com/stories/360radioco/3861020027881702875,Historia de Instagram,,Total,199,175,5,0,2.0,1,,181,,
18014877074673089,17841401871496039,360radioco,360 Radio Colombia,,0,03/25/2026 18:08,https://www.instagram.com/stories/360radioco/3861002026667145555,Historia de Instagram,,Total,182,153,2,0,,0,2.0,170,,
17948663214136137,17841401871496039,360radioco,360 Radio Colombia,,15,03/25/2026 17:56,https://www.instagram.com/stories/360radioco/3860995948516656323,Historia de Instagram,,Total,191,157,6,0,2.0,0,,173,,
18043848080530383,17841401871496039,360radioco,360 Radio Colombia,,0,03/25/2026 17:50,https://www.instagram.com/stories/360radioco/3860992738187992793,Historia de Instagram,,Total,189,158,3,0,,0,,170,,
18039769799559412,17841401871496039,360radioco,360 Radio Colombia,,60,03/25/2026 17:48,https://www.instagram.com/stories/360radioco/3860991786466817753,Historia de Instagram,,Total,185,163,5,0,,0,,166,,1.0
18084122933346546,17841401871496039,360radioco,360 Radio Colombia,,0,03/25/2026 17:36,https://www.instagram.com/stories/360radioco/3860985810196015933,Historia de Instagram,,Total,188,168,4,0,,0,2.0,171,,
18345219472243217,17841401871496039,360radioco,360 Radio Colombia,,60,03/25/2026 17:31,https://www.instagram.com/stories/360radioco/3860983105222221188,Historia de Instagram,,Total,183,166,6,0,,0,,170,,
18096138371084983,17841401871496039,360radioco,360 Radio Colombia,,0,03/25/2026 17:15,https://www.instagram.com/stories/360radioco/3860974996491772282,Historia de Instagram,,Total,187,161,6,0,,0,,163,,
18086375465603397,17841401871496039,360radioco,360 Radio Colombia,,60,03/25/2026 17:08,https://www.instagram.com/stories/360radioco/3860971904442474727,Historia de Instagram,,Total,188,166,2,0,,0,,174,,
17853433083638279,17841401871496039,360radioco,360 Radio Colombia,,0,03/25/2026 17:07,https://www.instagram.com/stories/360radioco/3860971376849332366,Historia de Instagram,,Total,194,168,2,0,,0,2.0,169,,
18091998701469601,17841401871496039,360radioco,360 Radio Colombia,,55,03/25/2026 16:54,https://www.instagram.com/stories/360radioco/3860964627954200452,Historia de Instagram,,Total,206,181,3,0,,0,,188,,
18106211593885070,17841401871496039,360radioco,360 Radio Colombia,,0,03/25/2026 16:41,https://www.instagram.com/stories/360radioco/3860957951586870156,Historia de Instagram,,Total,247,219,2,0,3.0,0,,217,,
18096841745002025,17841401871496039,360radioco,360 Radio Colombia,,12,03/24/2026 17:43,https://www.instagram.com/stories/360radioco/3860264446858266224,Historia de Instagram,,Total,227,192,2,0,4.0,0,,185,,
18096269837082869,17841401871496039,360radioco,360 Radio Colombia,,0,03/24/2026 17:43,https://www.instagram.com/stories/360radioco/3860264389404710601,Historia de Instagram,,Total,219,199,2,0,,0,1.0,204,,
18168389647407217,17841401871496039,360radioco,360 Radio Colombia,,60,03/24/2026 17:38,https://www.instagram.com/stories/360radioco/3860261782896387866,Historia de Instagram,,Total,243,214,3,0,2.0,0,,237,,
18083680451346113,17841401871496039,360radioco,360 Radio Colombia,,0,03/24/2026 17:37,https://www.instagram.com/stories/360radioco/3860261551815440385,Historia de Instagram,,Total,325,268,2,0,7.0,0,6.0,277,,
17886527091460900,17841401871496039,360radioco,360 Radio Colombia,,0,03/19/2026 15:40,https://www.instagram.com/stories/360radioco/3856578810825582085,Historia de Instagram,,Total,111,99,3,0,,0,,104,,
17967045864019124,17841401871496039,360radioco,360 Radio Colombia,,60,03/19/2026 15:16,https://www.instagram.com/stories/360radioco/3856566753006876845,Historia de Instagram,,Total,105,92,4,0,,0,,97,,
18568483459043892,17841401871496039,360radioco,360 Radio Colombia,,0,03/19/2026 15:16,https://www.instagram.com/stories/360radioco/3856566605921017314,Historia de Instagram,,Total,104,95,3,0,,0,,95,,
18109881976775955,17841401871496039,360radioco,360 Radio Colombia,,20,03/19/2026 15:14,https://www.instagram.com/stories/360radioco/3856565877085219172,Historia de Instagram,,Total,111,97,5,0,,0,,105,,
18125051878578015,17841401871496039,360radioco,360 Radio Colombia,,0,03/19/2026 14:57,https://www.instagram.com/stories/360radioco/3856556862334713016,Historia de Instagram,,Total,109,97,3,0,,0,,99,,
18000520613733322,17841401871496039,360radioco,360 Radio Colombia,,31,03/19/2026 14:55,https://www.instagram.com/stories/360radioco/3856556274427540915,Historia de Instagram,,Total,119,104,3,0,,0,,110,,
18083336459343849,17841401871496039,360radioco,360 Radio Colombia,#DíaDelHombre @_diegoool,60,03/19/2026 14:55,https://www.instagram.com/stories/360radioco/3856556215187199262,Historia de Instagram,,Total,124,116,3,0,,0,,116,,
17879069691533187,17841401871496039,360radioco,360 Radio Colombia,,0,03/19/2026 07:42,https://www.instagram.com/stories/360radioco/3856337991162052336,Historia de Instagram,,Total,177,156,2,0,1.0,0,,160,,
17876386704544153,17841401871496039,360radioco,360 Radio Colombia,,60,03/18/2026 07:45,https://www.instagram.com/stories/360radioco/3855614728811210375,Historia de Instagram,,Total,155,140,6,0,,0,,143,,
17914985970146846,17841401871496039,360radioco,360 Radio Colombia,,0,03/18/2026 07:45,https://www.instagram.com/stories/360radioco/3855614683823124662,Historia de Instagram,,Total,163,142,2,0,,0,1.0,153,,
18086770051980285,17841401871496039,360radioco,360 Radio Colombia,,60,03/18/2026 07:43,https://www.instagram.com/stories/360radioco/3855614015754380047,Historia de Instagram,,Total,175,151,4,0,,0,,163,,
18143765233428551,17841401871496039,360radioco,360 Radio Colombia,,0,03/18/2026 07:43,https://www.instagram.com/stories/360radioco/3855613885336672132,Historia de Instagram,,Total,177,157,4,0,,0,,156,,
17940079923177541,17841401871496039,360radioco,360 Radio Colombia,,60,03/18/2026 07:42,https://www.instagram.com/stories/360radioco/3855613560680772085,Historia de Instagram,,Total,194,169,2,0,,0,,176,,
18089385166927094,17841401871496039,360radioco,360 Radio Colombia,@fecode.colombia,0,03/18/2026 07:42,https://www.instagram.com/stories/360radioco/3855613138985462956,Historia de Instagram,,Total,240,207,5,0,3.0,0,1.0,200,,1.0
18417648547193685,17841401871496039,360radioco,360 Radio Colombia,,34,03/17/2026 08:10,https://www.instagram.com/stories/360radioco/3854902523685903439,Historia de Instagram,,Total,151,137,8,0,,0,,131,,
17878329711518575,17841401871496039,360radioco,360 Radio Colombia,,0,03/17/2026 08:10,https://www.instagram.com/stories/360radioco/3854902438608637605,Historia de Instagram,,Total,152,141,4,0,,0,,131,,
17951316444108504,17841401871496039,360radioco,360 Radio Colombia,,60,03/17/2026 08:07,https://www.instagram.com/stories/360radioco/3854901003317821424,Historia de Instagram,,Total,164,140,11,0,,2,,147,,
18103332923508443,17841401871496039,360radioco,360 Radio Colombia,,60,03/17/2026 08:04,https://www.instagram.com/stories/360radioco/3854899905022582728,Historia de Instagram,,Total,160,148,4,0,,0,,143,,
18102232201933151,17841401871496039,360radioco,360 Radio Colombia,,0,03/17/2026 08:04,https://www.instagram.com/stories/360radioco/3854899485113987200,Historia de Instagram,,Total,160,149,1,0,,0,,139,,
17897832489411008,17841401871496039,360radioco,360 Radio Colombia,,44,03/17/2026 08:01,https://www.instagram.com/stories/360radioco/3854898160695400441,Historia de Instagram,,Total,165,150,6,0,,2,,148,,
17914793094146385,17841401871496039,360radioco,360 Radio Colombia,,0,03/17/2026 08:01,https://www.instagram.com/stories/360radioco/3854898066776554190,Historia de Instagram,,Total,173,155,0,0,,0,,162,,
18075049049431753,17841401871496039,360radioco,360 Radio Colombia,,44,03/17/2026 07:59,https://www.instagram.com/stories/360radioco/3854897507357093391,Historia de Instagram,,Total,180,155,6,0,,1,,164,,
18067921544286468,17841401871496039,360radioco,360 Radio Colombia,,0,03/17/2026 07:59,https://www.instagram.com/stories/360radioco/3854897024156463487,Historia de Instagram,,Total,185,157,1,0,,0,6.0,165,,
18099549808760615,17841401871496039,360radioco,360 Radio Colombia,,60,03/17/2026 07:57,https://www.instagram.com/stories/360radioco/3854896119990378067,Historia de Instagram,,Total,184,165,6,0,,0,,169,2.0,
17980041006003492,17841401871496039,360radioco,360 Radio Colombia,,0,03/17/2026 07:56,https://www.instagram.com/stories/360radioco/3854895664186973212,Historia de Instagram,,Total,192,175,2,0,,0,,173,,
18428867557185117,17841401871496039,360radioco,360 Radio Colombia,,47,03/17/2026 07:54,https://www.instagram.com/stories/360radioco/3854894439634751702,Historia de Instagram,,Total,215,191,11,0,,1,,192,,
18089088571916905,17841401871496039,360radioco,360 Radio Colombia,,0,03/17/2026 07:54,https://www.instagram.com/stories/360radioco/3854894380562141744,Historia de Instagram,,Total,238,209,4,0,,0,,207,,
18074689529388528,17841401871496039,360radioco,360 Radio Colombia,,60,03/17/2026 07:50,https://www.instagram.com/stories/360radioco/3854892560150340108,Historia de Instagram,,Total,311,269,8,0,4.0,1,,253,,
18115766518725439,17841401871496039,360radioco,360 Radio Colombia,,0,03/16/2026 08:32,https://www.instagram.com/stories/360radioco/3854188763891533119,Historia de Instagram,,Total,252,215,2,0,3.0,0,2.0,230,,
18341023552215771,17841401871496039,360radioco,360 Radio Colombia,,0,03/13/2026 11:24,https://www.instagram.com/stories/360radioco/3852101419180935131,Historia de Instagram,,Total,159,134,7,0,2.0,0,,147,,
18092163419024682,17841401871496039,360radioco,360 Radio Colombia,,0,03/13/2026 11:24,https://www.instagram.com/stories/360radioco/3852101033464357270,Historia de Instagram,,Total,163,140,4,0,,0,,147,,
17896315911271682,17841401871496039,360radioco,360 Radio Colombia,,0,03/13/2026 11:20,https://www.instagram.com/stories/360radioco/3852099254601310554,Historia de Instagram,,Total,171,145,4,0,,0,2.0,152,,
18411713197130595,17841401871496039,360radioco,360 Radio Colombia,,9,03/13/2026 11:19,https://www.instagram.com/stories/360radioco/3852099053509590581,Historia de Instagram,,Total,165,147,8,0,1.0,0,,149,,
18108297715699108,17841401871496039,360radioco,360 Radio Colombia,,0,03/13/2026 11:13,https://www.instagram.com/stories/360radioco/3852095702948538323,Historia de Instagram,,Total,166,148,3,0,,0,,160,,
18309808462278888,17841401871496039,360radioco,360 Radio Colombia,,60,03/13/2026 11:08,https://www.instagram.com/stories/360radioco/3852093131924085348,Historia de Instagram,,Total,440,372,10,1,,0,,168,,
17849647575658083,17841401871496039,360radioco,360 Radio Colombia,,0,03/13/2026 11:07,https://www.instagram.com/stories/360radioco/3852092901203817044,Historia de Instagram,,Total,182,161,5,0,,0,1.0,161,,
17893078296426252,17841401871496039,360radioco,360 Radio Colombia,,60,03/13/2026 10:30,https://www.instagram.com/stories/360radioco/3852073913925134928,Historia de Instagram,,Total,175,160,8,0,,0,,162,,
18077553761435769,17841401871496039,360radioco,360 Radio Colombia,,0,03/13/2026 10:29,https://www.instagram.com/stories/360radioco/3852073691601842764,Historia de Instagram,,Total,186,164,2,0,,0,1.0,172,,
18076469954116983,17841401871496039,360radioco,360 Radio Colombia,,60,03/13/2026 10:27,https://www.instagram.com/stories/360radioco/3852072599413485748,Historia de Instagram,,Total,195,171,7,0,,1,,177,,
18082921808363960,17841401871496039,360radioco,360 Radio Colombia,,0,03/13/2026 10:27,https://www.instagram.com/stories/360radioco/3852072273708978218,Historia de Instagram,,Total,211,177,3,0,,0,,190,,
18194793400358540,17841401871496039,360radioco,360 Radio Colombia,,60,03/13/2026 10:23,https://www.instagram.com/stories/360radioco/3852070613871904890,Historia de Instagram,,Total,232,183,4,1,,0,,212,,
18400198267176079,17841401871496039,360radioco,360 Radio Colombia,,0,03/13/2026 10:23,https://www.instagram.com/stories/360radioco/3852070278570868533,Historia de Instagram,,Total,252,194,3,0,,0,5.0,208,,
18070392359235979,17841401871496039,360radioco,360 Radio Colombia,,60,03/13/2026 10:19,https://www.instagram.com/stories/360radioco/3852068660400028576,Historia de Instagram,,Total,260,210,9,0,1.0,0,,236,,
18081160724597411,17841401871496039,360radioco,360 Radio Colombia,,0,03/13/2026 09:51,https://www.instagram.com/stories/360radioco/3852054334679182715,Historia de Instagram,,Total,319,267,2,0,3.0,0,1.0,280,,
18571867759055227,17841401871496039,360radioco,360 Radio Colombia,,0,03/11/2026 05:59,https://www.instagram.com/stories/360radioco/3850488452567925610,Historia de Instagram,,Total,174,165,0,0,,0,,167,,
18084211760216978,17841401871496039,360radioco,360 Radio Colombia,,60,03/11/2026 05:57,https://www.instagram.com/stories/360radioco/3850487191516921853,Historia de Instagram,,Total,197,175,3,0,,0,,178,,
18112510951659191,17841401871496039,360radioco,360 Radio Colombia,,0,03/11/2026 05:56,https://www.instagram.com/stories/360radioco/3850487153256481448,Historia de Instagram,,Total,203,181,5,0,1.0,1,,183,,
17999887838883534,17841401871496039,360radioco,360 Radio Colombia,,60,03/11/2026 05:56,https://www.instagram.com/stories/360radioco/3850486678662560983,Historia de Instagram,,Total,214,184,2,0,,0,,203,,
18097372147982738,17841401871496039,360radioco,360 Radio Colombia,,0,03/11/2026 05:56,https://www.instagram.com/stories/360radioco/3850486404866807629,Historia de Instagram,,Total,245,207,2,0,,0,,202,,
17992008419927387,17841401871496039,360radioco,360 Radio Colombia,,58,03/10/2026 22:54,https://www.instagram.com/stories/360radioco/3850274101093391289,Historia de Instagram,,Total,185,161,4,0,,0,,171,,
18093488237096459,17841401871496039,360radioco,360 Radio Colombia,,0,03/10/2026 22:53,https://www.instagram.com/stories/360radioco/3850273884365279109,Historia de Instagram,,Total,200,169,2,1,,1,6.0,177,,
18081267926052657,17841401871496039,360radioco,360 Radio Colombia,,60,03/10/2026 22:48,https://www.instagram.com/stories/360radioco/3850271290431561027,Historia de Instagram,,Total,189,167,5,0,,0,,175,,
18072471539446893,17841401871496039,360radioco,360 Radio Colombia,,0,03/10/2026 22:47,https://www.instagram.com/stories/360radioco/3850270861899509966,Historia de Instagram,,Total,198,172,3,1,,0,,188,,
18156304432384788,17841401871496039,360radioco,360 Radio Colombia,,18,03/10/2026 22:46,https://www.instagram.com/stories/360radioco/3850270587608778640,Historia de Instagram,,Total,203,176,3,0,,1,,193,,
17952798090100510,17841401871496039,360radioco,360 Radio Colombia,,0,03/10/2026 22:46,https://www.instagram.com/stories/360radioco/3850270639089699701,Historia de Instagram,,Total,209,185,4,1,,0,1.0,196,,
17879430846484913,17841401871496039,360radioco,360 Radio Colombia,,60,03/10/2026 22:46,https://www.instagram.com/stories/360radioco/3850270193394562015,Historia de Instagram,,Total,205,184,3,0,,0,,197,,
17985250871958245,17841401871496039,360radioco,360 Radio Colombia,,0,03/10/2026 22:46,https://www.instagram.com/stories/360radioco/3850269931451867416,Historia de Instagram,,Total,223,197,3,0,,0,,200,,
18343646845243471,17841401871496039,360radioco,360 Radio Colombia,,60,03/10/2026 22:44,https://www.instagram.com/stories/360radioco/3850269474708921992,Historia de Instagram,,Total,241,209,6,0,1.0,1,,221,,
18140561905496336,17841401871496039,360radioco,360 Radio Colombia,,0,03/10/2026 22:44,https://www.instagram.com/stories/360radioco/3850269138065729984,Historia de Instagram,,Total,317,270,3,0,8.0,0,1.0,277,,
18567973732041204,17841401871496039,360radioco,360 Radio Colombia,,60,03/09/2026 17:02,https://www.instagram.com/stories/360radioco/3849372161283077449,Historia de Instagram,,Total,406,344,6,0,,0,,396,,
17857469223572686,17841401871496039,360radioco,360 Radio Colombia,,60,03/09/2026 17:01,https://www.instagram.com/stories/360radioco/3849372058992423060,Historia de Instagram,,Total,595,503,2,1,,1,,418,,
18160999234423860,17841401871496039,360radioco,360 Radio Colombia,,0,03/09/2026 17:01,https://www.instagram.com/stories/360radioco/3849371849184904494,Historia de Instagram,,Total,445,398,2,0,,0,1.0,419,,1.0
18081241580371185,17841401871496039,360radioco,360 Radio Colombia,,0,03/09/2026 17:00,https://www.instagram.com/stories/360radioco/3849371236908812646,Historia de Instagram,,Total,636,535,6,1,4.0,0,,505,,
17856164808654435,17841401871496039,360radioco,360 Radio Colombia,,0,03/08/2026 19:58,https://www.instagram.com/stories/360radioco/3848735816881681007,Historia de Instagram,,Total,2322,1556,9,1,9.0,0,,2064,,
18080065898621395,17841401871496039,360radioco,360 Radio Colombia,@nadiablel @lidiogarcia @jphernandezelbukelecolombiano @normahurtados @yessidpulgarsenador,0,03/08/2026 19:57,https://www.instagram.com/stories/360radioco/3848735674845797946,Historia de Instagram,,Total,2277,1686,10,0,3.0,0,,1897,,
18097305883783766,17841401871496039,360radioco,360 Radio Colombia,"@palomavalencial 
@jovenesconpaloma",60,03/08/2026 19:56,https://www.instagram.com/stories/360radioco/3848735119595413240,Historia de Instagram,,Total,2133,1842,31,2,2.0,2,,1783,,
17870047374570318,17841401871496039,360radioco,360 Radio Colombia,"@andresmartin7 
@andresgaviriacano 
@emilianap18 
@andresgaviria",0,03/08/2026 15:30,https://www.instagram.com/stories/360radioco/3848601397617407341,Historia de Instagram,,Total,2151,1837,7,1,5.0,0,48.0,1921,,
18081258536372824,17841401871496039,360radioco,360 Radio Colombia,,58,03/08/2026 12:41,https://www.instagram.com/stories/360radioco/3848516899680917674,Historia de Instagram,,Total,1993,1728,29,3,1.0,1,,1822,,
17944861692133549,17841401871496039,360radioco,360 Radio Colombia,,18,03/08/2026 12:41,https://www.instagram.com/stories/360radioco/3848516536898766697,Historia de Instagram,,Total,2057,1763,15,0,1.0,0,,1938,,
17959364175063346,17841401871496039,360radioco,360 Radio Colombia,,43,03/08/2026 12:41,https://www.instagram.com/stories/360radioco/3848516438483637307,Historia de Instagram,,Total,2179,1820,30,0,4.0,1,,2049,,
18036699995566230,17841401871496039,360radioco,360 Radio Colombia,,33,03/08/2026 12:40,https://www.instagram.com/stories/360radioco/3848516224733511658,Historia de Instagram,,Total,2219,1892,25,0,2.0,1,,2099,,
17918138142123213,17841401871496039,360radioco,360 Radio Colombia,,35,03/08/2026 12:40,https://www.instagram.com/stories/360radioco/3848515963537450666,Historia de Instagram,,Total,2484,2144,34,0,10.0,1,,2243,,
17923445724094346,17841401871496039,360radioco,360 Radio Colombia,,17,03/07/2026 20:04,https://www.instagram.com/stories/360radioco/3848044441307611167,Historia de Instagram,,Total,902,799,8,0,,0,,826,,
18072359477559110,17841401871496039,360radioco,360 Radio Colombia,,0,03/07/2026 20:03,https://www.instagram.com/stories/360radioco/3848043950632772358,Historia de Instagram,,Total,940,819,3,0,,0,,910,,
18300854494263088,17841401871496039,360radioco,360 Radio Colombia,,18,03/07/2026 20:01,https://www.instagram.com/stories/360radioco/3848042855323797348,Historia de Instagram,,Total,971,825,5,0,1.0,0,,868,,
18092684132114391,17841401871496039,360radioco,360 Radio Colombia,,0,03/07/2026 20:01,https://www.instagram.com/stories/360radioco/3848042780363259755,Historia de Instagram,,Total,958,858,4,0,,0,1.0,939,,
18098571853765005,17841401871496039,360radioco,360 Radio Colombia,,58,03/07/2026 19:56,https://www.instagram.com/stories/360radioco/3848040696716863508,Historia de Instagram,,Total,1032,863,12,0,3.0,0,,996,,
17864121930599807,17841401871496039,360radioco,360 Radio Colombia,,0,03/07/2026 19:55,https://www.instagram.com/stories/360radioco/3848039895109879462,Historia de Instagram,,Total,1061,890,6,0,2.0,0,1.0,995,,
18074566361451191,17841401871496039,360radioco,360 Radio Colombia,,33,03/07/2026 19:51,https://www.instagram.com/stories/360radioco/3848038022437059211,Historia de Instagram,,Total,1024,907,7,0,1.0,0,,983,,
18187077868363990,17841401871496039,360radioco,360 Radio Colombia,,0,03/07/2026 19:50,https://www.instagram.com/stories/360radioco/3848037415957468553,Historia de Instagram,,Total,1173,1006,5,0,6.0,0,40.0,1073,2.0,
18166317514405996,17841401871496039,360radioco,360 Radio Colombia,,0,03/06/2026 18:16,https://www.instagram.com/stories/360radioco/3847265257928944546,Historia de Instagram,,Total,178,152,2,0,1.0,0,,169,,
18094616362993344,17841401871496039,360radioco,360 Radio Colombia,,60,03/06/2026 18:15,https://www.instagram.com/stories/360radioco/3847265179470306470,Historia de Instagram,,Total,201,159,3,0,,0,,171,,
17905278438206024,17841401871496039,360radioco,360 Radio Colombia,,17,03/06/2026 18:15,https://www.instagram.com/stories/360radioco/3847264974897345574,Historia de Instagram,,Total,208,162,3,0,1.0,0,,176,,
17877970728502008,17841401871496039,360radioco,360 Radio Colombia,,56,03/06/2026 18:15,https://www.instagram.com/stories/360radioco/3847264914037986097,Historia de Instagram,,Total,207,165,3,0,,0,,191,,
18107220193796066,17841401871496039,360radioco,360 Radio Colombia,,0,03/06/2026 18:14,https://www.instagram.com/stories/360radioco/3847264573787606852,Historia de Instagram,,Total,210,169,2,0,1.0,0,,190,,
18169808059361176,17841401871496039,360radioco,360 Radio Colombia,,0,03/06/2026 18:13,https://www.instagram.com/stories/360radioco/3847263908805934993,Historia de Instagram,,Total,218,180,3,1,,0,,201,,
18319176295255630,17841401871496039,360radioco,360 Radio Colombia,,0,03/06/2026 18:10,https://www.instagram.com/stories/360radioco/3847262534986819501,Historia de Instagram,,Total,228,194,3,0,,0,,212,,
17917368756127526,17841401871496039,360radioco,360 Radio Colombia,,0,03/06/2026 18:10,https://www.instagram.com/stories/360radioco/3847262181239224904,Historia de Instagram,,Total,274,226,2,0,,1,2.0,247,,
17866082985503616,17841401871496039,360radioco,360 Radio Colombia,,0,03/06/2026 12:43,https://www.instagram.com/stories/360radioco/3847097925164239618,Historia de Instagram,,Total,380,315,5,10,3.0,0,,326,,
18151158154453445,17841401871496039,360radioco,360 Radio Colombia,🚨,60,03/05/2026 20:58,https://www.instagram.com/stories/360radioco/3846622076778475260,Historia de Instagram,,Total,324,260,1,0,1.0,0,,308,,
18366959776162890,17841401871496039,360radioco,360 Radio Colombia,,40,03/05/2026 19:02,https://www.instagram.com/stories/360radioco/3846563775483146441,Historia de Instagram,,Total,347,283,2,1,6.0,0,,316,,
18200636095326686,17841401871496039,360radioco,360 Radio Colombia,,60,03/05/2026 12:32,https://www.instagram.com/stories/360radioco/3846367645491340480,Historia de Instagram,,Total,141,119,5,1,,2,,128,,
18326856862218491,17841401871496039,360radioco,360 Radio Colombia,,60,03/05/2026 12:05,https://www.instagram.com/stories/360radioco/3846353958781145588,Historia de Instagram,,Total,134,120,3,0,1.0,2,,127,,
18117381982559322,17841401871496039,360radioco,360 Radio Colombia,,0,03/05/2026 09:51,https://www.instagram.com/stories/360radioco/3846286523658824865,Historia de Instagram,,Total,124,110,1,0,,0,,121,,
18000700598909353,17841401871496039,360radioco,360 Radio Colombia,,0,03/05/2026 09:50,https://www.instagram.com/stories/360radioco/3846285696172966767,Historia de Instagram,,Total,138,114,0,0,,0,2.0,122,,
18073315757407724,17841401871496039,360radioco,360 Radio Colombia,,0,03/05/2026 09:49,https://www.instagram.com/stories/360radioco/3846285381600179115,Historia de Instagram,,Total,136,118,2,0,,0,,131,,
18151526269459063,17841401871496039,360radioco,360 Radio Colombia,,0,03/17/2026 08:07,https://www.instagram.com/stories/360radioco/3854900930261459264,Historia de Instagram,,Total,166,143,3,0,1.0,0,,136,,
18068118527638944,17841401871496039,360radioco,360 Radio Colombia,,0,02/16/2026 17:59,https://www.instagram.com/stories/360radioco/3834210708230162235,Historia de Instagram,,Total,424,377,5,0,1.0,1,2.0,378,,
18073324964413268,17841401871496039,360radioco,360 Radio Colombia,,0,02/16/2026 18:02,https://www.instagram.com/stories/360radioco/3834212109513528556,Historia de Instagram,,Total,406,354,5,0,,1,,362,,
18108991840667310,17841401871496039,360radioco,360 Radio Colombia,,0,02/16/2026 18:39,https://www.instagram.com/stories/360radioco/3834231080602206367,Historia de Instagram,,Total,382,326,5,0,3.0,1,,350,,
18066876680268394,17841401871496039,360radioco,360 Radio Colombia,@acggp_energia,0,02/17/2026 04:17,https://www.instagram.com/stories/360radioco/3834521919102548701,Historia de Instagram,,Total,349,294,4,0,2.0,0,,301,11.0,
18094337342514759,17841401871496039,360radioco,360 Radio Colombia,,0,02/17/2026 09:40,https://www.instagram.com/stories/360radioco/3834684653970574731,Historia de Instagram,,Total,340,292,4,0,2.0,0,1.0,302,,
18387437944145928,17841401871496039,360radioco,360 Radio Colombia,,0,02/17/2026 09:41,https://www.instagram.com/stories/360radioco/3834685089951683615,Historia de Instagram,,Total,308,257,3,0,2.0,1,,288,,
18103529176872471,17841401871496039,360radioco,360 Radio Colombia,,0,02/17/2026 21:43,https://www.instagram.com/stories/360radioco/3835048597033750255,Historia de Instagram,,Total,370,309,3,0,2.0,0,1.0,284,,
17926360215227213,17841401871496039,360radioco,360 Radio Colombia,,0,02/17/2026 21:44,https://www.instagram.com/stories/360radioco/3835048877582332218,Historia de Instagram,,Total,319,261,5,0,,1,2.0,271,,
18093315125001642,17841401871496039,360radioco,360 Radio Colombia,,0,02/18/2026 05:59,https://www.instagram.com/stories/360radioco/3835298044992994061,Historia de Instagram,,Total,327,261,5,0,2.0,0,,282,,
17863713621511326,17841401871496039,360radioco,360 Radio Colombia,,0,02/18/2026 07:17,https://www.instagram.com/stories/360radioco/3835337307704944425,Historia de Instagram,,Total,279,230,4,0,,0,,244,,
18019242275809549,17841401871496039,360radioco,360 Radio Colombia,,0,02/18/2026 07:18,https://www.instagram.com/stories/360radioco/3835337965397006430,Historia de Instagram,,Total,247,212,3,0,,0,,228,,
18073750130118131,17841401871496039,360radioco,360 Radio Colombia,,0,02/18/2026 10:29,https://www.instagram.com/stories/360radioco/3835433902425413616,Historia de Instagram,,Total,261,228,3,0,,0,,233,,
18087964601327763,17841401871496039,360radioco,360 Radio Colombia,,0,02/18/2026 10:36,https://www.instagram.com/stories/360radioco/3835437302311442953,Historia de Instagram,,Total,251,214,2,0,,1,,235,,
17909725476164490,17841401871496039,360radioco,360 Radio Colombia,,0,02/18/2026 10:40,https://www.instagram.com/stories/360radioco/3835439664073692389,Historia de Instagram,,Total,246,208,4,0,1.0,0,,219,,
17955055077068164,17841401871496039,360radioco,360 Radio Colombia,,0,02/19/2026 06:56,https://www.instagram.com/stories/360radioco/3836051319669306303,Historia de Instagram,,Total,397,333,5,0,1.0,1,1.0,313,,
18396255961194680,17841401871496039,360radioco,360 Radio Colombia,,0,02/19/2026 11:17,https://www.instagram.com/stories/360radioco/3836182868452802381,Historia de Instagram,,Total,308,269,3,0,,2,1.0,258,,
18084561809191560,17841401871496039,360radioco,360 Radio Colombia,,0,02/19/2026 11:19,https://www.instagram.com/stories/360radioco/3836183770194590353,Historia de Instagram,,Total,269,245,4,0,,3,,237,,
18072564185397865,17841401871496039,360radioco,360 Radio Colombia,,0,02/19/2026 11:22,https://www.instagram.com/stories/360radioco/3836185444141332997,Historia de Instagram,,Total,251,232,3,0,,0,,231,,
18095069129053418,17841401871496039,360radioco,360 Radio Colombia,,0,02/19/2026 11:23,https://www.instagram.com/stories/360radioco/3836186008501699264,Historia de Instagram,,Total,237,215,2,0,3.0,1,1.0,224,,
18059273801355747,17841401871496039,360radioco,360 Radio Colombia,#EstadosUnidos,0,02/20/2026 08:23,https://www.instagram.com/stories/360radioco/3836819903311933373,Historia de Instagram,,Total,363,299,3,0,2.0,2,1.0,295,,
18040050950764985,17841401871496039,360radioco,360 Radio Colombia,#Petro,0,02/20/2026 08:24,https://www.instagram.com/stories/360radioco/3836820382519587111,Historia de Instagram,,Total,296,253,3,0,,1,1.0,265,,
17866950243571570,17841401871496039,360radioco,360 Radio Colombia,,0,02/20/2026 08:25,https://www.instagram.com/stories/360radioco/3836820904316163712,Historia de Instagram,,Total,271,233,3,0,,0,2.0,237,,
18066558791278333,17841401871496039,360radioco,360 Radio Colombia,,0,02/20/2026 08:26,https://www.instagram.com/stories/360radioco/3836821723983789239,Historia de Instagram,,Total,253,226,4,0,1.0,0,1.0,225,,
18065098592647511,17841401871496039,360radioco,360 Radio Colombia,,0,02/20/2026 08:40,https://www.instagram.com/stories/360radioco/3836828515258220198,Historia de Instagram,,Total,240,209,2,0,2.0,0,,227,,
17996829479885239,17841401871496039,360radioco,360 Radio Colombia,@acggp_energia,0,02/23/2026 11:17,https://www.instagram.com/stories/360radioco/3839082035332348199,Historia de Instagram,,Total,511,435,4,0,1.0,0,,457,5.0,
18103723282874192,17841401871496039,360radioco,360 Radio Colombia,,0,02/24/2026 09:27,https://www.instagram.com/stories/360radioco/3839751253622951640,Historia de Instagram,,Total,344,283,2,0,4.0,0,1.0,303,,
17854835412587681,17841401871496039,360radioco,360 Radio Colombia,,0,02/24/2026 09:28,https://www.instagram.com/stories/360radioco/3839751626463045090,Historia de Instagram,,Total,300,244,2,0,1.0,0,1.0,273,,
18074448983132215,17841401871496039,360radioco,360 Radio Colombia,,0,02/24/2026 12:30,https://www.instagram.com/stories/360radioco/3839843472015199942,Historia de Instagram,,Total,268,228,2,0,1.0,0,,243,,
18049510187711570,17841401871496039,360radioco,360 Radio Colombia,,0,02/24/2026 12:33,https://www.instagram.com/stories/360radioco/3839844722186197108,Historia de Instagram,,Total,239,213,2,0,2.0,0,1.0,227,,
18085073579226958,17841401871496039,360radioco,360 Radio Colombia,,0,02/24/2026 12:34,https://www.instagram.com/stories/360radioco/3839845305320323815,Historia de Instagram,,Total,225,203,2,0,,0,2.0,221,,
18094904827814729,17841401871496039,360radioco,360 Radio Colombia,@acggp_energia,49,02/24/2026 12:47,https://www.instagram.com/stories/360radioco/3839852323724674453,Historia de Instagram,,Total,683,515,3,1,,0,,218,,
17853197301672613,17841401871496039,360radioco,360 Radio Colombia,,0,02/24/2026 20:36,https://www.instagram.com/stories/360radioco/3840088038156714756,Historia de Instagram,,Total,793,650,6,2,1.0,0,,284,,
17878381425480706,17841401871496039,360radioco,360 Radio Colombia,,0,02/25/2026 07:16,https://www.instagram.com/stories/360radioco/3840410306422397986,Historia de Instagram,,Total,406,335,4,0,5.0,0,,333,,
18059285024370509,17841401871496039,360radioco,360 Radio Colombia,,0,02/25/2026 07:17,https://www.instagram.com/stories/360radioco/3840410720911900088,Historia de Instagram,,Total,349,278,5,0,,0,3.0,322,,
18072426161157960,17841401871496039,360radioco,360 Radio Colombia,,0,02/25/2026 07:18,https://www.instagram.com/stories/360radioco/3840411224664582925,Historia de Instagram,,Total,311,262,3,0,,0,,294,,
18111611686589292,17841401871496039,360radioco,360 Radio Colombia,,0,02/25/2026 07:19,https://www.instagram.com/stories/360radioco/3840411616127353529,Historia de Instagram,,Total,293,253,4,0,4.0,0,1.0,258,,
18127810477546745,17841401871496039,360radioco,360 Radio Colombia,,0,02/26/2026 06:54,https://www.instagram.com/stories/360radioco/3841123963338883573,Historia de Instagram,,Total,371,327,2,0,8.0,4,1.0,311,,
18081428795202474,17841401871496039,360radioco,360 Radio Colombia,,0,02/26/2026 06:54,https://www.instagram.com/stories/360radioco/3841124126841306520,Historia de Instagram,,Total,308,268,0,0,2.0,0,1.0,267,,
18321735523188862,17841401871496039,360radioco,360 Radio Colombia,,0,02/26/2026 06:55,https://www.instagram.com/stories/360radioco/3841124490671976973,Historia de Instagram,,Total,285,254,2,0,,0,,250,,
18079486685459864,17841401871496039,360radioco,360 Radio Colombia,,0,02/26/2026 06:56,https://www.instagram.com/stories/360radioco/3841124875558119408,Historia de Instagram,,Total,264,245,0,0,,0,,241,,
18108718090707083,17841401871496039,360radioco,360 Radio Colombia,,0,02/26/2026 06:57,https://www.instagram.com/stories/360radioco/3841125515315299888,Historia de Instagram,,Total,239,225,0,0,1.0,0,1.0,223,,
18087277781141060,17841401871496039,360radioco,360 Radio Colombia,,0,02/27/2026 09:09,https://www.instagram.com/stories/360radioco/3841916821230731875,Historia de Instagram,,Total,334,275,3,0,3.0,0,2.0,280,,
18070196369553258,17841401871496039,360radioco,360 Radio Colombia,,0,02/27/2026 09:10,https://www.instagram.com/stories/360radioco/3841917349620792192,Historia de Instagram,,Total,288,238,2,0,,0,1.0,254,,
18069583976535538,17841401871496039,360radioco,360 Radio Colombia,,0,02/27/2026 09:12,https://www.instagram.com/stories/360radioco/3841918081702977426,Historia de Instagram,,Total,281,226,1,0,,0,2.0,238,,
18002055026719979,17841401871496039,360radioco,360 Radio Colombia,,0,02/27/2026 09:13,https://www.instagram.com/stories/360radioco/3841918770256729653,Historia de Instagram,,Total,261,217,2,0,1.0,0,,234,,
18427767913189123,17841401871496039,360radioco,360 Radio Colombia,,0,02/27/2026 09:20,https://www.instagram.com/stories/360radioco/3841922104619358118,Historia de Instagram,,Total,231,206,1,0,1.0,0,1.0,215,,
18310280560259556,17841401871496039,360radioco,360 Radio Colombia,,0,03/02/2026 15:47,https://www.instagram.com/stories/360radioco/3844291501384198349,Historia de Instagram,,Total,344,294,1,0,1.0,0,2.0,284,,
17904627732368460,17841401871496039,360radioco,360 Radio Colombia,,0,03/02/2026 15:48,https://www.instagram.com/stories/360radioco/3844291817643050744,Historia de Instagram,,Total,281,224,1,0,1.0,0,1.0,251,,
18046444601721386,17841401871496039,360radioco,360 Radio Colombia,,0,03/02/2026 15:49,https://www.instagram.com/stories/360radioco/3844292401968361030,Historia de Instagram,,Total,250,204,1,0,,0,,226,,
18048338273686443,17841401871496039,360radioco,360 Radio Colombia,,0,03/02/2026 15:50,https://www.instagram.com/stories/360radioco/3844292933764157726,Historia de Instagram,,Total,228,192,1,0,,0,,215,,
18083970248244860,17841401871496039,360radioco,360 Radio Colombia,,52,03/02/2026 15:51,https://www.instagram.com/stories/360radioco/3844294040523533268,Historia de Instagram,,Total,222,183,5,0,2.0,0,1.0,205,,
18089716901132703,17841401871496039,360radioco,360 Radio Colombia,,0,03/02/2026 15:54,https://www.instagram.com/stories/360radioco/3844294546474046173,Historia de Instagram,,Total,211,178,1,0,,0,,199,,
17981638175976314,17841401871496039,360radioco,360 Radio Colombia,,0,03/02/2026 18:43,https://www.instagram.com/stories/360radioco/3844379816699494566,Historia de Instagram,,Total,247,214,2,0,,0,,230,,
18023496605631876,17841401871496039,360radioco,360 Radio Colombia,@tuliorecomienda,0,03/03/2026 13:11,https://www.instagram.com/stories/360radioco/3844937747782353119,Historia de Instagram,,Total,365,298,4,2,10.0,0,5.0,305,,
17998325486910742,17841401871496039,360radioco,360 Radio Colombia,,0,03/03/2026 18:12,https://www.instagram.com/stories/360radioco/3845089099384803245,Historia de Instagram,,Total,288,243,5,0,2.0,0,1.0,251,,
18054164483469346,17841401871496039,360radioco,360 Radio Colombia,,0,03/03/2026 18:13,https://www.instagram.com/stories/360radioco/3845089438360044651,Historia de Instagram,,Total,226,205,2,0,,0,,208,,
18084373904352240,17841401871496039,360radioco,360 Radio Colombia,,0,03/03/2026 18:14,https://www.instagram.com/stories/360radioco/3845089805655247878,Historia de Instagram,,Total,202,184,1,0,,0,,187,,
17985193466791825,17841401871496039,360radioco,360 Radio Colombia,,0,03/03/2026 18:15,https://www.instagram.com/stories/360radioco/3845090610600880654,Historia de Instagram,,Total,190,170,2,0,1.0,0,,168,,
18386851807156041,17841401871496039,360radioco,360 Radio Colombia,,0,03/03/2026 18:16,https://www.instagram.com/stories/360radioco/3845090977325689320,Historia de Instagram,,Total,178,167,2,0,,0,,167,,
18107616256695990,17841401871496039,360radioco,360 Radio Colombia,,0,03/03/2026 18:18,https://www.instagram.com/stories/360radioco/3845092162963116416,Historia de Instagram,,Total,171,159,1,0,2.0,0,2.0,161,,
17965714931886573,17841401871496039,360radioco,360 Radio Colombia,,60,03/03/2026 18:20,https://www.instagram.com/stories/360radioco/3845093140982595399,Historia de Instagram,,Total,161,150,3,0,,0,,152,,
18086577539229081,17841401871496039,360radioco,360 Radio Colombia,@andresgaviriacano,0,03/04/2026 04:10,https://www.instagram.com/stories/360radioco/3845390006060196500,Historia de Instagram,,Total,514,425,3,1,3.0,0,,214,4.0,
17958377577063526,17841401871496039,360radioco,360 Radio Colombia,,60,03/05/2026 09:00,https://www.instagram.com/stories/360radioco/3846260939620761274,Historia de Instagram,,Total,261,219,3,0,6.0,0,,225,,
18230521861307930,17841401871496039,360radioco,360 Radio Colombia,,0,03/05/2026 09:01,https://www.instagram.com/stories/360radioco/3846261124572795741,Historia de Instagram,,Total,184,161,3,0,,0,,178,,
18100267849732072,17841401871496039,360radioco,360 Radio Colombia,,60,03/05/2026 09:03,https://www.instagram.com/stories/360radioco/3846270970189736799,Historia de Instagram,,Total,158,142,2,0,,0,,154,,
17878212366502026,17841401871496039,360radioco,360 Radio Colombia,,0,03/05/2026 09:44,https://www.instagram.com/stories/360radioco/3846283042445222844,Historia de Instagram,,Total,157,138,2,0,2.0,0,,142,,
17999443151731607,17841401871496039,360radioco,360 Radio Colombia,,0,03/05/2026 09:45,https://www.instagram.com/stories/360radioco/3846283428463775339,Historia de Instagram,,Total,151,135,2,0,,0,,142,,
18110319622707273,17841401871496039,360radioco,360 Radio Colombia,,0,03/05/2026 09:46,https://www.instagram.com/stories/360radioco/3846283718835492341,Historia de Instagram,,Total,140,129,2,0,,0,,133,,
17846202879678444,17841401871496039,360radioco,360 Radio Colombia,,0,03/05/2026 09:46,https://www.instagram.com/stories/360radioco/3846284090316572302,Historia de Instagram,,Total,131,126,2,0,,0,,126,,
18089051933328593,17841401871496039,360radioco,360 Radio Colombia,,0,03/05/2026 09:47,https://www.instagram.com/stories/360radioco/3846284481200545141,Historia de Instagram,,Total,131,124,2,0,,0,,126,,
17878052991496586,17841401871496039,360radioco,360 Radio Colombia,#GustavoPetro,0,02/16/2026 14:40,https://www.instagram.com/stories/360radioco/3834110897208352893,Historia de Instagram,,Total,1043,852,6,0,11.0,3,,862,,
18441784135117924,17841401871496039,360radioco,360 Radio Colombia,,0,02/16/2026 17:56,https://www.instagram.com/stories/360radioco/3834209116323984754,Historia de Instagram,,Total,496,436,5,0,5.0,0,,442,,
18144270913461733,17841401871496039,360radioco,360 Radio Colombia,,0,02/13/2026 17:38,https://www.instagram.com/stories/360radioco/3832025802238164248,Historia de Instagram,,Total,169,159,2,0,2.0,1,1.0,158,,
18097604653746733,17841401871496039,360radioco,360 Radio Colombia,#CarnavalDeBarranquilla,0,02/13/2026 17:35,https://www.instagram.com/stories/360radioco/3832024189729580932,Historia de Instagram,,Total,170,161,2,0,,1,2.0,154,,
18088367759144456,17841401871496039,360radioco,360 Radio Colombia,,0,02/13/2026 17:31,https://www.instagram.com/stories/360radioco/3832022628861327183,Historia de Instagram,,Total,174,165,1,0,,0,,160,,
18153444751434214,17841401871496039,360radioco,360 Radio Colombia,,0,02/13/2026 17:30,https://www.instagram.com/stories/360radioco/3832021743972197238,Historia de Instagram,,Total,197,180,2,0,1.0,1,,183,,
18070223066545783,17841401871496039,360radioco,360 Radio Colombia,#SanValentín,0,02/13/2026 17:28,https://www.instagram.com/stories/360radioco/3832020754577844238,Historia de Instagram,,Total,240,211,1,0,2.0,0,,218,,
18090701723046486,17841401871496039,360radioco,360 Radio Colombia,,0,02/12/2026 19:48,https://www.instagram.com/stories/360radioco/3831366589149531330,Historia de Instagram,,Total,249,194,1,0,2.0,0,1.0,233,,1.0
18119184766592089,17841401871496039,360radioco,360 Radio Colombia,,0,02/12/2026 19:45,https://www.instagram.com/stories/360radioco/3831365234204751996,Historia de Instagram,,Total,253,212,1,0,,1,,221,,
17896913280395157,17841401871496039,360radioco,360 Radio Colombia,,0,02/12/2026 19:43,https://www.instagram.com/stories/360radioco/3831364216389771584,Historia de Instagram,,Total,262,222,1,0,,0,1.0,241,,
18348086479232285,17841401871496039,360radioco,360 Radio Colombia,,0,02/12/2026 19:42,https://www.instagram.com/stories/360radioco/3831363516737952499,Historia de Instagram,,Total,291,242,1,0,1.0,1,,259,,
18063921533307396,17841401871496039,360radioco,360 Radio Colombia,,0,02/12/2026 19:40,https://www.instagram.com/stories/360radioco/3831362478983238891,Historia de Instagram,,Total,359,317,1,0,1.0,0,1.0,312,,
17966872041010319,17841401871496039,360radioco,360 Radio Colombia,,0,02/11/2026 16:12,https://www.instagram.com/stories/360radioco/3830533046852791393,Historia de Instagram,,Total,287,257,1,0,1.0,2,3.0,269,,
17915498115127046,17841401871496039,360radioco,360 Radio Colombia,,0,02/11/2026 16:10,https://www.instagram.com/stories/360radioco/3830532242922175117,Historia de Instagram,,Total,322,282,1,0,,1,,289,,
18134166574504502,17841401871496039,360radioco,360 Radio Colombia,,0,02/11/2026 16:08,https://www.instagram.com/stories/360radioco/3830531009025042309,Historia de Instagram,,Total,330,288,1,0,,1,,303,,
18546179737064264,17841401871496039,360radioco,360 Radio Colombia,,0,02/11/2026 16:05,https://www.instagram.com/stories/360radioco/3830529483808371048,Historia de Instagram,,Total,405,347,2,0,,0,5.0,338,,
18079109039522911,17841401871496039,360radioco,360 Radio Colombia,,0,02/11/2026 07:30,https://www.instagram.com/stories/360radioco/3830270119272907084,Historia de Instagram,,Total,324,279,3,0,1.0,3,,283,,
18313567423254353,17841401871496039,360radioco,360 Radio Colombia,,0,02/10/2026 19:55,https://www.instagram.com/stories/360radioco/3829920781388636794,Historia de Instagram,,Total,344,292,2,0,,1,1.0,313,,
18095297399490798,17841401871496039,360radioco,360 Radio Colombia,,0,02/10/2026 19:36,https://www.instagram.com/stories/360radioco/3829911245621732504,Historia de Instagram,,Total,402,338,3,5,4.0,0,1.0,330,,
18094574585299448,17841401871496039,360radioco,360 Radio Colombia,,0,02/10/2026 10:56,https://www.instagram.com/stories/360radioco/3829649428651808324,Historia de Instagram,,Total,352,307,2,0,,1,1.0,324,,
18422048350143253,17841401871496039,360radioco,360 Radio Colombia,#Millonarios,0,02/10/2026 09:41,https://www.instagram.com/stories/360radioco/3829611734181482158,Historia de Instagram,,Total,398,344,3,0,2.0,0,1.0,374,,1.0
18106271128752002,17841401871496039,360radioco,360 Radio Colombia,,0,02/10/2026 08:28,https://www.instagram.com/stories/360radioco/3829574812922987655,Historia de Instagram,,Total,562,468,0,0,4.0,0,5.0,469,,
18203949577324697,17841401871496039,360radioco,360 Radio Colombia,,0,02/09/2026 07:22,https://www.instagram.com/stories/360radioco/3828816645423278260,Historia de Instagram,,Total,541,440,3,0,2.0,0,1.0,494,,
17941210818107911,17841401871496039,360radioco,360 Radio Colombia,,0,02/09/2026 07:03,https://www.instagram.com/stories/360radioco/3828807128362916830,Historia de Instagram,,Total,590,494,1,2,3.0,0,3.0,509,,
17886223956334061,17841401871496039,360radioco,360 Radio Colombia,,0,02/08/2026 22:13,https://www.instagram.com/stories/360radioco/3828540228382899793,Historia de Instagram,,Total,487,401,0,0,1.0,0,4.0,425,,
18399733222180858,17841401871496039,360radioco,360 Radio Colombia,,0,02/08/2026 22:12,https://www.instagram.com/stories/360radioco/3828539844830601778,Historia de Instagram,,Total,514,419,1,0,2.0,0,2.0,476,,
18115549495556862,17841401871496039,360radioco,360 Radio Colombia,,0,02/08/2026 22:11,https://www.instagram.com/stories/360radioco/3828539493809266299,Historia de Instagram,,Total,603,493,5,0,1.0,0,15.0,510,,
18112071328651421,17841401871496039,360radioco,360 Radio Colombia,,0,02/08/2026 08:41,https://www.instagram.com/stories/360radioco/3828131597812390691,Historia de Instagram,,Total,474,387,2,0,7.0,0,3.0,420,,
18070613288174108,17841401871496039,360radioco,360 Radio Colombia,,0,02/06/2026 15:11,https://www.instagram.com/stories/360radioco/3826878359817597352,Historia de Instagram,,Total,425,354,2,0,,0,,389,,
18084758021465019,17841401871496039,360radioco,360 Radio Colombia,,0,02/06/2026 09:37,https://www.instagram.com/stories/360radioco/3826710539632779813,Historia de Instagram,,Total,305,261,2,0,1.0,0,2.0,276,,
18431886610112691,17841401871496039,360radioco,360 Radio Colombia,,0,02/06/2026 09:23,https://www.instagram.com/stories/360radioco/3826703537024195142,Historia de Instagram,,Total,338,293,2,0,1.0,0,3.0,300,,
18143556511461230,17841401871496039,360radioco,360 Radio Colombia,,0,02/05/2026 10:42,https://www.instagram.com/stories/360radioco/3826018328335249214,Historia de Instagram,,Total,331,281,1,0,3.0,2,5.0,301,,
18067839287633659,17841401871496039,360radioco,360 Radio Colombia,#cr7,0,02/05/2026 07:11,https://www.instagram.com/stories/360radioco/3825912115555650584,Historia de Instagram,,Total,383,327,3,0,1.0,0,,333,,
17979013577804205,17841401871496039,360radioco,360 Radio Colombia,,0,02/04/2026 12:48,https://www.instagram.com/stories/360radioco/3825356925526158576,Historia de Instagram,,Total,411,372,1,0,2.0,0,,368,,
18095053562310049,17841401871496039,360radioco,360 Radio Colombia,,0,02/04/2026 07:13,https://www.instagram.com/stories/360radioco/3825188197274402592,Historia de Instagram,,Total,520,445,2,0,1.0,0,3.0,484,,
18110426284733016,17841401871496039,360radioco,360 Radio Colombia,,0,02/04/2026 06:02,https://www.instagram.com/stories/360radioco/3825152640381010691,Historia de Instagram,,Total,675,561,2,0,3.0,0,14.0,581,,1.0
18101244808896514,17841401871496039,360radioco,360 Radio Colombia,,0,02/03/2026 09:12,https://www.instagram.com/stories/360radioco/3824523340355122675,Historia de Instagram,,Total,931,820,4,0,23.0,0,,837,,2.0
18125199178481092,17841401871496039,360radioco,360 Radio Colombia,,0,01/30/2026 05:10,https://www.instagram.com/stories/360radioco/3821502394635567520,Historia de Instagram,,Total,316,275,4,0,1.0,0,,285,,
18114969253527189,17841401871496039,360radioco,360 Radio Colombia,,0,01/30/2026 02:19,https://www.instagram.com/stories/360radioco/3821416759799250140,Historia de Instagram,,Total,415,353,1,0,1.0,0,,358,,
17913301932277085,17841401871496039,360radioco,360 Radio Colombia,,0,01/27/2026 15:34,https://www.instagram.com/stories/360radioco/3819642203715563239,Historia de Instagram,,Total,414,359,4,0,2.0,0,,376,,
18105036835834565,17841401871496039,360radioco,360 Radio Colombia,,0,01/27/2026 09:05,https://www.instagram.com/stories/360radioco/3819446490327083086,Historia de Instagram,,Total,156,141,3,0,1.0,0,,143,,
18128714548517493,17841401871496039,360radioco,360 Radio Colombia,,0,01/26/2026 12:00,https://www.instagram.com/stories/360radioco/3818809898948470501,Historia de Instagram,,Total,164,141,1,0,,0,,154,3.0,
18084706333908671,17841401871496039,360radioco,360 Radio Colombia,,0,01/26/2026 08:37,https://www.instagram.com/stories/360radioco/3818707761765459949,Historia de Instagram,,Total,182,146,2,0,2.0,0,,164,,
18120220690572965,17841401871496039,360radioco,360 Radio Colombia,,10,01/26/2026 08:35,https://www.instagram.com/stories/360radioco/3818706853858020888,Historia de Instagram,,Total,190,170,2,0,3.0,0,2.0,181,,
17907819555340078,17841401871496039,360radioco,360 Radio Colombia,@andresgaviriacano,0,01/24/2026 03:26,https://www.instagram.com/stories/360radioco/3817101739418333222,Historia de Instagram,,Total,644,526,6,1,7.0,0,2.0,357,6.0,
18162281908404152,17841401871496039,360radioco,360 Radio Colombia,,10,01/21/2026 12:47,https://www.instagram.com/stories/360radioco/3815209617027326065,Historia de Instagram,,Total,184,165,1,0,1.0,0,1.0,170,,
18152980657427688,17841401871496039,360radioco,360 Radio Colombia,@pinzonbueno,0,01/20/2026 16:06,https://www.instagram.com/stories/360radioco/3814584947143748118,Historia de Instagram,,Total,198,175,4,0,,0,2.0,178,2.0,
17962321950012068,17841401871496039,360radioco,360 Radio Colombia,,60,01/20/2026 13:41,https://www.instagram.com/stories/360radioco/3814511978912581676,Historia de Instagram,,Total,251,219,5,0,3.0,0,,231,,
